filename,described_sound,source_url,license
whoosh_transition.mp3,whoosh transition swipe,https://mixkit.co/free-sound-effects/whoosh/,"Mixkit Free License (free for commercial use, no attribution required, no watermark)"
vine_boom.mp3,the real Vine boom (deep bass meme boom),https://pixabay.com/sound-effects/film-special-effects-vine-boom-392646/,"Pixabay Content License (free for commercial use, no attribution required)"
boom_impact.mp3,big cinematic boom impact,https://mixkit.co/free-sound-effects/impact/,"Mixkit Free License (free for commercial use, no attribution required, no watermark)"
bass_drop.mp3,synthetic power bass drop,https://mixkit.co/free-sound-effects/bass/,"Mixkit Free License (free for commercial use, no attribution required, no watermark)"
riser.mp3,cinematic trailer riser build-up,https://mixkit.co/free-sound-effects/cinematic/,"Mixkit Free License (free for commercial use, no attribution required, no watermark)"
click.mp3,real mouse click,"user download: YouTube rip - Click Sound Effect (HD)","Unverified (YouTube SFX video rip). Kept by owner decision 2026-07-13; small Content ID claim risk"
keyboard_typing.mp3,keyboard typing sequence,"New UI sounds pack - MographMotions (Keyboard Typing.wav, Adobe Audition 2023)","MographMotions free creator pack - free for use in videos"
pop.mp3,pop,https://mixkit.co/free-sound-effects/pop/,"Mixkit Free License (free for commercial use, no attribution required, no watermark)"
ding_notification.mp3,bright single notification ding,https://mixkit.co/free-sound-effects/bell/,"Mixkit Free License (free for commercial use, no attribution required, no watermark)"
cash_register.mp3,cash register ka-ching,"New UI sounds pack: YouTube rip - Cash Register (Kaching) Sound Effect (HD)","Unverified (YouTube SFX video rip). Kept by owner decision 2026-07-13; small Content ID claim risk"
camera_shutter.mp3,camera shutter click,https://mixkit.co/free-sound-effects/camera/,"Mixkit Free License (free for commercial use, no attribution required, no watermark)"
record_scratch.mp3,vinyl record scratch,https://mixkit.co/free-sound-effects/dj-record-scratch/,"Mixkit Free License (free for commercial use, no attribution required, no watermark)"
laugh_track.mp3,crowd laugh track,https://mixkit.co/free-sound-effects/laugh/,"Mixkit Free License (free for commercial use, no attribution required, no watermark)"
applause_clap.mp3,audience applause and clapping,https://mixkit.co/free-sound-effects/applause/,"Mixkit Free License (free for commercial use, no attribution required, no watermark)"
crickets.mp3,night crickets ambience,https://mixkit.co/free-sound-effects/crickets/,"Mixkit Free License (free for commercial use, no attribution required, no watermark)"
sad_trombone.mp3,sad trombone fail (womp womp),https://mixkit.co/free-sound-effects/sad/,"Mixkit Free License (free for commercial use, no attribution required, no watermark)"
error_buzzer.mp3,low sustained error buzzer,https://mixkit.co/free-sound-effects/buzzer/,"Mixkit Free License (free for commercial use, no attribution required, no watermark)"
level_up_chime.mp3,game level completed / level-up chime,https://mixkit.co/free-sound-effects/game-over/,"Mixkit Free License (free for commercial use, no attribution required, no watermark)"
correct_ding.mp3,correct answer ding,https://mixkit.co/free-sound-effects/correct/,"Mixkit Free License (free for commercial use, no attribution required, no watermark)"
wrong_answer_buzz.mp3,wrong answer buzz,https://mixkit.co/free-sound-effects/wrong/,"Mixkit Free License (free for commercial use, no attribution required, no watermark)"
heartbeat.mp3,single human heartbeat,https://mixkit.co/free-sound-effects/heartbeat/,"Mixkit Free License (free for commercial use, no attribution required, no watermark)"
typewriter.mp3,old typewriter typing,https://mixkit.co/free-sound-effects/typewriter/,"Mixkit Free License (free for commercial use, no attribution required, no watermark)"
glass_break.mp3,glass break,https://mixkit.co/free-sound-effects/glass/,"Mixkit Free License (free for commercial use, no attribution required, no watermark)"
punch_whack.mp3,martial arts punch / whack,https://mixkit.co/free-sound-effects/punch/,"Mixkit Free License (free for commercial use, no attribution required, no watermark)"
page_turn.mp3,page turn,https://mixkit.co/free-sound-effects/page/,"Mixkit Free License (free for commercial use, no attribution required, no watermark)"
sparkle_twinkle.mp3,fairy magic sparkle twinkle,https://mixkit.co/free-sound-effects/sparkle/,"Mixkit Free License (free for commercial use, no attribution required, no watermark)"
suspense_sting.mp3,cinematic suspense glass-hit sting,https://mixkit.co/free-sound-effects/suspense-music/,"Mixkit Free License (free for commercial use, no attribution required, no watermark)"
drum_roll.mp3,drum roll,https://mixkit.co/free-sound-effects/drum/,"Mixkit Free License (free for commercial use, no attribution required, no watermark)"
swoosh_in.mp3,windy swoosh-in transition,https://mixkit.co/free-sound-effects/swoosh/,"Mixkit Free License (free for commercial use, no attribution required, no watermark)"
swoosh_out.mp3,cinematic wind swoosh-out,https://mixkit.co/free-sound-effects/swoosh/,"Mixkit Free License (free for commercial use, no attribution required, no watermark)"
bell.mp3,achievement service bell ding,https://mixkit.co/free-sound-effects/bell/,"Mixkit Free License (free for commercial use, no attribution required, no watermark)"
explosion.mp3,explosion hit,https://mixkit.co/free-sound-effects/explosion/,"Mixkit Free License (free for commercial use, no attribution required, no watermark)"
footsteps.mp3,footsteps on ground,https://mixkit.co/free-sound-effects/footsteps/,"Mixkit Free License (free for commercial use, no attribution required, no watermark)"
rewind.mp3,fast tape rewind transition,https://mixkit.co/free-sound-effects/rewind/,"Mixkit Free License (free for commercial use, no attribution required, no watermark)"
bubble_pop.mp3,cartoon bubble pop,https://mixkit.co/free-sound-effects/bubbles/,"Mixkit Free License (free for commercial use, no attribution required, no watermark)"
slot_machine_win.mp3,slot machine win jingle,https://mixkit.co/free-sound-effects/slot-machine/,"Mixkit Free License (free for commercial use, no attribution required, no watermark)"
coins.mp3,clinking coins,https://mixkit.co/free-sound-effects/money/,"Mixkit Free License (free for commercial use, no attribution required, no watermark)"
game_over.mp3,arcade retro game over,https://mixkit.co/free-sound-effects/game-over/,"Mixkit Free License (free for commercial use, no attribution required, no watermark)"
magic_transition.mp3,magic transition sweep,https://mixkit.co/free-sound-effects/magic/,"Mixkit Free License (free for commercial use, no attribution required, no watermark)"
notification_pop.mp3,message pop notification alert,https://mixkit.co/free-sound-effects/notification/,"Mixkit Free License (free for commercial use, no attribution required, no watermark)"
airport_ding.mp3,airport announcement ding,https://mixkit.co/free-sound-effects/bell/,"Mixkit Free License (free for commercial use, no attribution required, no watermark)"
air_horn.mp3,"Air Horn Sound Effect",https://pixabay.com/sound-effects/film-special-effects-air-horn-sound-effect-372453/,"Pixabay Content License (free for commercial use, no attribution required); hasYoutubeContentId=false"
airplane.mp3,"Jet airplane engine taking off",https://assets.mixkit.co/active_storage/sfx/1577/1577-preview.mp3,"Mixkit Free License (free for commercial use, no attribution required, no watermark)"
alarm_clock.mp3,"Digital clock digital alarm buzzer",https://assets.mixkit.co/active_storage/sfx/992/992-preview.mp3,"Mixkit Free License (free for commercial use, no attribution required, no watermark)"
baby_cry.mp3,"Baby Crying",https://pixabay.com/sound-effects/people-baby-crying-463213/,"Pixabay Content License (free for commercial use, no attribution required); hasYoutubeContentId=false"
bee.mp3,"Bee buzz",https://assets.mixkit.co/active_storage/sfx/1926/1926-preview.mp3,"Mixkit Free License (free for commercial use, no attribution required, no watermark)"
bird_chirp.mp3,"Little bird calling chirp",https://assets.mixkit.co/active_storage/sfx/23/23-preview.mp3,"Mixkit Free License (free for commercial use, no attribution required, no watermark)"
burp.mp3,"Belchy Burp 1",https://pixabay.com/sound-effects/people-belchy-burp-1-98811/,"Pixabay Content License (free for commercial use, no attribution required); hasYoutubeContentId=false"
can_open.mp3,"Food can quick opening",https://assets.mixkit.co/active_storage/sfx/116/116-preview.mp3,"Mixkit Free License (free for commercial use, no attribution required, no watermark)"
car_engine.mp3,"Car start ignition",https://assets.mixkit.co/active_storage/sfx/1559/1559-preview.mp3,"Mixkit Free License (free for commercial use, no attribution required, no watermark)"
car_horn.mp3,"Classic car horn",https://assets.mixkit.co/active_storage/sfx/1565/1565-preview.mp3,"Mixkit Free License (free for commercial use, no attribution required, no watermark)"
cartoon_boing.mp3,"Boing hit sound",https://assets.mixkit.co/active_storage/sfx/2894/2894-preview.mp3,"Mixkit Free License (free for commercial use, no attribution required, no watermark)"
cat_meow.mp3,"Sweet kitty meow",https://assets.mixkit.co/active_storage/sfx/93/93-preview.mp3,"Mixkit Free License (free for commercial use, no attribution required, no watermark)"
choir.mp3,"Cinematic tension choir transition",https://assets.mixkit.co/active_storage/sfx/662/662-preview.mp3,"Mixkit Free License (free for commercial use, no attribution required, no watermark)"
clock_tick.mp3,"Tick tock clock close up",https://assets.mixkit.co/active_storage/sfx/1059/1059-preview.mp3,"Mixkit Free License (free for commercial use, no attribution required, no watermark)"
cough.mp3,"Young man coughing",https://assets.mixkit.co/active_storage/sfx/2227/2227-preview.mp3,"Mixkit Free License (free for commercial use, no attribution required, no watermark)"
cow_moo.mp3,"Cow single moo",https://assets.mixkit.co/active_storage/sfx/1747/1747-preview.mp3,"Mixkit Free License (free for commercial use, no attribution required, no watermark)"
crowd_boo.mp3,"Crowd Booing",https://pixabay.com/sound-effects/people-crowd-booing-494319/,"Pixabay Content License (free for commercial use, no attribution required); hasYoutubeContentId=false"
crunch.mp3,"Chewing something crunchy",https://assets.mixkit.co/active_storage/sfx/2244/2244-preview.mp3,"Mixkit Free License (free for commercial use, no attribution required, no watermark)"
dog_bark.mp3,"Dog barking twice",https://assets.mixkit.co/active_storage/sfx/1/1-preview.mp3,"Mixkit Free License (free for commercial use, no attribution required, no watermark)"
door_creak.mp3,"Creaky door open",https://assets.mixkit.co/active_storage/sfx/195/195-preview.mp3,"Mixkit Free License (free for commercial use, no attribution required, no watermark)"
door_knock.mp3,"Knocking on a thick wooden door",https://assets.mixkit.co/active_storage/sfx/197/197-preview.mp3,"Mixkit Free License (free for commercial use, no attribution required, no watermark)"
door_slam.mp3,"Slamming a door",https://assets.mixkit.co/active_storage/sfx/194/194-preview.mp3,"Mixkit Free License (free for commercial use, no attribution required, no watermark)"
doorbell.mp3,"Doorbell single press",https://assets.mixkit.co/active_storage/sfx/333/333-preview.mp3,"Mixkit Free License (free for commercial use, no attribution required, no watermark)"
electricity_zap.mp3,"Futuristic electricity sparks",https://assets.mixkit.co/active_storage/sfx/2598/2598-preview.mp3,"Mixkit Free License (free for commercial use, no attribution required, no watermark)"
elephant.mp3,"Elephant Trumpeting",https://pixabay.com/sound-effects/nature-elephant-trumpeting-494313/,"Pixabay Content License (free for commercial use, no attribution required); hasYoutubeContentId=false"
fart.mp3,"Cartoon fart sound",https://assets.mixkit.co/active_storage/sfx/2891/2891-preview.mp3,"Mixkit Free License (free for commercial use, no attribution required, no watermark)"
fire_crackle.mp3,"Campfire burning crackles",https://assets.mixkit.co/active_storage/sfx/1329/1329-preview.mp3,"Mixkit Free License (free for commercial use, no attribution required, no watermark)"
fireworks.mp3,"Firework rockets exploding in the sky",https://assets.mixkit.co/active_storage/sfx/2993/2993-preview.mp3,"Mixkit Free License (free for commercial use, no attribution required, no watermark)"
flute.mp3,"Possitive indian flute",https://assets.mixkit.co/active_storage/sfx/2312/2312-preview.mp3,"Mixkit Free License (free for commercial use, no attribution required, no watermark)"
frog_croak.mp3,"Frog Croaking Sound Effect",https://pixabay.com/sound-effects/nature-frog-croaking-sound-effect-322956/,"Pixabay Content License (free for commercial use, no attribution required); hasYoutubeContentId=false"
gasp.mp3,"Female astonished gasp",https://assets.mixkit.co/active_storage/sfx/964/964-preview.mp3,"Mixkit Free License (free for commercial use, no attribution required, no watermark)"
glitch.mp3,"Small electric glitch",https://assets.mixkit.co/active_storage/sfx/2595/2595-preview.mp3,"Mixkit Free License (free for commercial use, no attribution required, no watermark)"
gong.mp3,"Classic clock gong",https://assets.mixkit.co/active_storage/sfx/1066/1066-preview.mp3,"Mixkit Free License (free for commercial use, no attribution required, no watermark)"
guitar_strum.mp3,"Happy guitar chords",https://assets.mixkit.co/active_storage/sfx/2319/2319-preview.mp3,"Mixkit Free License (free for commercial use, no attribution required, no watermark)"
gun_shot.mp3,"Game gun shot",https://assets.mixkit.co/active_storage/sfx/1662/1662-preview.mp3,"Mixkit Free License (free for commercial use, no attribution required, no watermark)"
hammer.mp3,"Metal hammer hit",https://assets.mixkit.co/active_storage/sfx/833/833-preview.mp3,"Mixkit Free License (free for commercial use, no attribution required, no watermark)"
harp_gliss.mp3,"Arabian mystery harp notification",https://assets.mixkit.co/active_storage/sfx/2489/2489-preview.mp3,"Mixkit Free License (free for commercial use, no attribution required, no watermark)"
helicopter.mp3,"Helicopter propellers in the sky",https://assets.mixkit.co/active_storage/sfx/2704/2704-preview.mp3,"Mixkit Free License (free for commercial use, no attribution required, no watermark)"
horse_neigh.mp3,"Scared horse neighing",https://assets.mixkit.co/active_storage/sfx/85/85-preview.mp3,"Mixkit Free License (free for commercial use, no attribution required, no watermark)"
kiss.mp3,"Cartoon friendly kiss",https://assets.mixkit.co/active_storage/sfx/2194/2194-preview.mp3,"Mixkit Free License (free for commercial use, no attribution required, no watermark)"
laser_blast.mp3,"Short laser gun shot",https://assets.mixkit.co/active_storage/sfx/1670/1670-preview.mp3,"Mixkit Free License (free for commercial use, no attribution required, no watermark)"
lion_roar.mp3,"Wild lion animal roar",https://assets.mixkit.co/active_storage/sfx/6/6-preview.mp3,"Mixkit Free License (free for commercial use, no attribution required, no watermark)"
monkey.mp3,"Monkey excited screech",https://assets.mixkit.co/active_storage/sfx/105/105-preview.mp3,"Mixkit Free License (free for commercial use, no attribution required, no watermark)"
motorcycle.mp3,"Motorcycle engine working",https://assets.mixkit.co/active_storage/sfx/2721/2721-preview.mp3,"Mixkit Free License (free for commercial use, no attribution required, no watermark)"
movie_projector.mp3,"Explainer video foley projector hybrid film antique fade pitch bend",https://assets.mixkit.co/active_storage/sfx/3012/3012-preview.mp3,"Mixkit Free License (free for commercial use, no attribution required, no watermark)"
ocean_waves.mp3,"Close sea waves loop",https://assets.mixkit.co/active_storage/sfx/1195/1195-preview.mp3,"Mixkit Free License (free for commercial use, no attribution required, no watermark)"
owl_hoot.mp3,"Owl shriek",https://assets.mixkit.co/active_storage/sfx/2479/2479-preview.mp3,"Mixkit Free License (free for commercial use, no attribution required, no watermark)"
paper_rip.mp3,"Paper Rip Fast",https://pixabay.com/sound-effects/film-special-effects-paper-rip-fast-252617/,"Pixabay Content License (free for commercial use, no attribution required); hasYoutubeContentId=false"
pencil_write.mp3,"Short pencil writing",https://assets.mixkit.co/active_storage/sfx/2376/2376-preview.mp3,"Mixkit Free License (free for commercial use, no attribution required, no watermark)"
phone_ring.mp3,"Vintage telephone ringtone",https://assets.mixkit.co/active_storage/sfx/1356/1356-preview.mp3,"Mixkit Free License (free for commercial use, no attribution required, no watermark)"
piano_fall.mp3,"Piano falling effect",https://assets.mixkit.co/active_storage/sfx/408/408-preview.mp3,"Mixkit Free License (free for commercial use, no attribution required, no watermark)"
police_siren.mp3,"Police siren US",https://assets.mixkit.co/active_storage/sfx/1643/1643-preview.mp3,"Mixkit Free License (free for commercial use, no attribution required, no watermark)"
pour_drink.mp3,"Pouring drink with ice",https://assets.mixkit.co/active_storage/sfx/2829/2829-preview.mp3,"Mixkit Free License (free for commercial use, no attribution required, no watermark)"
power_down.mp3,"TV Shutdown",https://pixabay.com/sound-effects/film-special-effects-tv-shutdown-386167/,"Pixabay Content License (free for commercial use, no attribution required); hasYoutubeContentId=false"
radar_ping.mp3,"Futuristic radar ping",https://assets.mixkit.co/active_storage/sfx/1583/1583-preview.mp3,"Mixkit Free License (free for commercial use, no attribution required, no watermark)"
rain.mp3,"Heavy rain",https://assets.mixkit.co/active_storage/sfx/2403/2403-preview.mp3,"Mixkit Free License (free for commercial use, no attribution required, no watermark)"
rattlesnake.mp3,"Rattlesnake in desert",https://assets.mixkit.co/active_storage/sfx/2493/2493-preview.mp3,"Mixkit Free License (free for commercial use, no attribution required, no watermark)"
rooster_crow.mp3,"Short rooster crowing",https://assets.mixkit.co/active_storage/sfx/2470/2470-preview.mp3,"Mixkit Free License (free for commercial use, no attribution required, no watermark)"
saw.mp3,"Table saw working",https://assets.mixkit.co/active_storage/sfx/826/826-preview.mp3,"Mixkit Free License (free for commercial use, no attribution required, no watermark)"
scream.mp3,"Falling male scream",https://assets.mixkit.co/active_storage/sfx/391/391-preview.mp3,"Mixkit Free License (free for commercial use, no attribution required, no watermark)"
sizzle.mp3,"Frying fish on a hot pan",https://assets.mixkit.co/active_storage/sfx/123/123-preview.mp3,"Mixkit Free License (free for commercial use, no attribution required, no watermark)"
sleigh_bells.mp3,"Sleigh Bells",https://assets.mixkit.co/active_storage/sfx/584/584-preview.mp3,"Mixkit Free License (free for commercial use, no attribution required, no watermark)"
slide_whistle.mp3,"Funny video game slide",https://assets.mixkit.co/active_storage/sfx/2888/2888-preview.mp3,"Mixkit Free License (free for commercial use, no attribution required, no watermark)"
slurp.mp3,"Soft slurp",https://assets.mixkit.co/active_storage/sfx/3207/3207-preview.mp3,"Mixkit Free License (free for commercial use, no attribution required, no watermark)"
sneeze.mp3,"Little baby sneeze",https://assets.mixkit.co/active_storage/sfx/2214/2214-preview.mp3,"Mixkit Free License (free for commercial use, no attribution required, no watermark)"
snore.mp3,"Man strong snore",https://assets.mixkit.co/active_storage/sfx/2478/2478-preview.mp3,"Mixkit Free License (free for commercial use, no attribution required, no watermark)"
splash.mp3,"Water splash",https://assets.mixkit.co/active_storage/sfx/1311/1311-preview.mp3,"Mixkit Free License (free for commercial use, no attribution required, no watermark)"
squeak_toy.mp3,"Rubber duck squeak",https://assets.mixkit.co/active_storage/sfx/1014/1014-preview.mp3,"Mixkit Free License (free for commercial use, no attribution required, no watermark)"
static.mp3,"Radio static fx",https://assets.mixkit.co/active_storage/sfx/2561/2561-preview.mp3,"Mixkit Free License (free for commercial use, no attribution required, no watermark)"
stomach_growl.mp3,"stomach growl-PiSh_01",https://pixabay.com/sound-effects/people-stomach-growl-pish-01-5925/,"Pixabay Content License (free for commercial use, no attribution required); hasYoutubeContentId=false"
sword_clash.mp3,"Metallic sword strike",https://assets.mixkit.co/active_storage/sfx/2160/2160-preview.mp3,"Mixkit Free License (free for commercial use, no attribution required, no watermark)"
thunder.mp3,"Thunder deep rumble",https://assets.mixkit.co/active_storage/sfx/1296/1296-preview.mp3,"Mixkit Free License (free for commercial use, no attribution required, no watermark)"
tire_screech.mp3,"Car Braking",https://pixabay.com/sound-effects/film-special-effects-car-braking-153305/,"Pixabay Content License (free for commercial use, no attribution required); hasYoutubeContentId=false"
toilet_flush.mp3,"Toilet flush",https://assets.mixkit.co/active_storage/sfx/1871/1871-preview.mp3,"Mixkit Free License (free for commercial use, no attribution required, no watermark)"
train.mp3,"Steam train passing",https://assets.mixkit.co/active_storage/sfx/1630/1630-preview.mp3,"Mixkit Free License (free for commercial use, no attribution required, no watermark)"
trumpet_fanfare.mp3,"Trumpet fanfare",https://assets.mixkit.co/active_storage/sfx/2293/2293-preview.mp3,"Mixkit Free License (free for commercial use, no attribution required, no watermark)"
vacuum_cleaner.mp3,"Vacuum cleaner",https://pixabay.com/sound-effects/household-vacuum-cleaner-475174/,"Pixabay Content License (free for commercial use, no attribution required); hasYoutubeContentId=false"
violin_note.mp3,"Orchestral violin treble note",https://assets.mixkit.co/active_storage/sfx/2279/2279-preview.mp3,"Mixkit Free License (free for commercial use, no attribution required, no watermark)"
waterfall.mp3,"Flowing waterfall on forest",https://assets.mixkit.co/active_storage/sfx/2516/2516-preview.mp3,"Mixkit Free License (free for commercial use, no attribution required, no watermark)"
whip_crack.mp3,"Lightning whip",https://assets.mixkit.co/active_storage/sfx/1508/1508-preview.mp3,"Mixkit Free License (free for commercial use, no attribution required, no watermark)"
wind.mp3,"Strong wild wind in a storm",https://assets.mixkit.co/active_storage/sfx/2407/2407-preview.mp3,"Mixkit Free License (free for commercial use, no attribution required, no watermark)"
wolf_howl.mp3,"Wolf howling",https://assets.mixkit.co/active_storage/sfx/1775/1775-preview.mp3,"Mixkit Free License (free for commercial use, no attribution required, no watermark)"
yawn.mp3,"Cartoon vocal yawn",https://assets.mixkit.co/active_storage/sfx/2268/2268-preview.mp3,"Mixkit Free License (free for commercial use, no attribution required, no watermark)"
zipper.mp3,"zipper sound",https://pixabay.com/sound-effects/film-special-effects-zipper-sound-298608/,"Pixabay Content License (free for commercial use, no attribution required); hasYoutubeContentId=false"
